{
    "device_type": "D435i",
    "imus": [
        {
            "accelerometer": {
                "bias": [
                    0.13127097016900136,
                    -0.11000178549122866,
                    -0.08910705192813054
                ],
                "scale_and_alignment": [
                    1.006722647592033,
                    -0.03141323091226384,
                    -0.01857508195891211,
                    0.0070538258516667654,
                    1.0078568989994543,
                    0.001993279887815169,
                    0.0012958423227236835,
                    0.008917785718782767,
                    1.0043407259618793
                ]
            },
            "gyroscope": {
                "bias": [
                    0.00017795170129228632,
                    0.0015182874138812692,
                    -0.0030418344843984846
                ],
                "scale_and_alignment": [
                    1.0,
                    0.0,
                    0.0,
                    0.0,
                    1.0,
                    0.0,
                    0.0,
                    0.0,
                    1.0
                ]
            }
        }
    ]
}